params,MSE,status
"(0, 0, 0)",0.09939576577285364,SUCESSO
"(0, 0, 1)",0.027435763522606307,SUCESSO
"(0, 0, 2)",,FALHA
"(0, 0, 3)",,FALHA
"(0, 0, 4)",,FALHA
"(0, 1, 0)",0.0006021821201634487,SUCESSO
"(0, 1, 1)",0.0005352558871288507,SUCESSO
"(0, 1, 2)",0.0005362770665126849,SUCESSO
